commune,province,region
Azilal,Azilal,Béni Mellal-Khénifra
Demnate,Azilal,Béni Mellal-Khénifra
Bzou,Azilal,Béni Mellal-Khénifra
Foum Jemaa,Azilal,Béni Mellal-Khénifra
Afourar,Azilal,Béni Mellal-Khénifra
Ouaouizeght,Azilal,Béni Mellal-Khénifra
Anzou,Azilal,Béni Mellal-Khénifra
Ait M'Hamed,Azilal,Béni Mellal-Khénifra
Ait Abbas,Azilal,Béni Mellal-Khénifra
Tabant,Azilal,Béni Mellal-Khénifra
Ait Bou Oulli,Azilal,Béni Mellal-Khénifra
Agoudi N'Lkhair,Azilal,Béni Mellal-Khénifra
Tamda Noumercid,Azilal,Béni Mellal-Khénifra
Zaouiat Ahansal,Azilal,Béni Mellal-Khénifra
Tisqi,Azilal,Béni Mellal-Khénifra
Taounza,Azilal,Béni Mellal-Khénifra
Moulay Aissa Ben Driss,Azilal,Béni Mellal-Khénifra
Bni Ayat,Azilal,Béni Mellal-Khénifra
Rfala,Azilal,Béni Mellal-Khénifra
Bni Hassane,Azilal,Béni Mellal-Khénifra
Tabia,Azilal,Béni Mellal-Khénifra
Ait Taguella,Azilal,Béni Mellal-Khénifra
Tanant,Azilal,Béni Mellal-Khénifra
Ait Blal,Azilal,Béni Mellal-Khénifra
Ouaoula,Azilal,Béni Mellal-Khénifra
Ait Majden,Azilal,Béni Mellal-Khénifra
Sidi Boulkhalf,Azilal,Béni Mellal-Khénifra
Tifni,Azilal,Béni Mellal-Khénifra
Imlil,Azilal,Béni Mellal-Khénifra
Ait Oumdis,Azilal,Béni Mellal-Khénifra
Ait Tamlil,Azilal,Béni Mellal-Khénifra
Tidili Fetouaka,Azilal,Béni Mellal-Khénifra
Sidi Yacoub,Azilal,Béni Mellal-Khénifra
Timoulilt,Azilal,Béni Mellal-Khénifra
Bin El Ouidane,Azilal,Béni Mellal-Khénifra
Isseksi,Azilal,Béni Mellal-Khénifra
Ait Ouaarda,Azilal,Béni Mellal-Khénifra
Tiffert N'Ait Hamza,Azilal,Béni Mellal-Khénifra
Ait Ouqabli,Azilal,Béni Mellal-Khénifra
Tagleft,Azilal,Béni Mellal-Khénifra
Tabaroucht,Azilal,Béni Mellal-Khénifra
Ait Mazigh,Azilal,Béni Mellal-Khénifra
Tilougguite,Azilal,Béni Mellal-Khénifra
Béni Mellal,Béni Mellal,Béni Mellal-Khénifra
Kasba Tadla,Béni Mellal,Béni Mellal-Khénifra
Zaouiat Cheikh,Béni Mellal,Béni Mellal-Khénifra
El Ksiba,Béni Mellal,Béni Mellal-Khénifra
Ouled Gnaou,Béni Mellal,Béni Mellal-Khénifra
Ouled M'Barek,Béni Mellal,Béni Mellal-Khénifra
Ouled Yaich,Béni Mellal,Béni Mellal-Khénifra
Sidi Jaber,Béni Mellal,Béni Mellal-Khénifra
Ouled Youssef,Béni Mellal,Béni Mellal-Khénifra
Foum Oudi,Béni Mellal,Béni Mellal-Khénifra
Aghbala,Béni Mellal,Béni Mellal-Khénifra
Tizi N'Isly,Béni Mellal,Béni Mellal-Khénifra
Boutferda,Béni Mellal,Béni Mellal-Khénifra
Naour,Béni Mellal,Béni Mellal-Khénifra
Dir El Ksiba,Béni Mellal,Béni Mellal-Khénifra
Foum El Anceur,Béni Mellal,Béni Mellal-Khénifra
Tanougha,Béni Mellal,Béni Mellal-Khénifra
Taghzirt,Béni Mellal,Béni Mellal-Khénifra
Ait Oum El Bekht,Béni Mellal,Béni Mellal-Khénifra
Guettaya,Béni Mellal,Béni Mellal-Khénifra
Semguet,Béni Mellal,Béni Mellal-Khénifra
Ouled Said L'Oued,Béni Mellal,Béni Mellal-Khénifra
Souk Sebt Ouled Nemma,Fquih Ben Salah,Béni Mellal-Khénifra
Fquih Ben Salah,Fquih Ben Salah,Béni Mellal-Khénifra
Ouled Ayad,Fquih Ben Salah,Béni Mellal-Khénifra
Dar Ould Zidouh,Fquih Ben Salah,Béni Mellal-Khénifra
Had Boumoussa,Fquih Ben Salah,Béni Mellal-Khénifra
Sidi Hammadi,Fquih Ben Salah,Béni Mellal-Khénifra
Ouled Bourahmoune,Fquih Ben Salah,Béni Mellal-Khénifra
Sidi Aissa Ben Ali,Fquih Ben Salah,Béni Mellal-Khénifra
Ouled Zmam,Fquih Ben Salah,Béni Mellal-Khénifra
Hel Merbaa,Fquih Ben Salah,Béni Mellal-Khénifra
Krifate,Fquih Ben Salah,Béni Mellal-Khénifra
Bradia,Fquih Ben Salah,Béni Mellal-Khénifra
Ouled Nacer,Fquih Ben Salah,Béni Mellal-Khénifra
Khalfia,Fquih Ben Salah,Béni Mellal-Khénifra
Bni Chegdale,Fquih Ben Salah,Béni Mellal-Khénifra
Bni Oukil,Fquih Ben Salah,Béni Mellal-Khénifra
Khenifra,Khénifra,Béni Mellal-Khénifra
M'Rirt,Khénifra,Béni Mellal-Khénifra
Ait Ishaq,Khénifra,Béni Mellal-Khénifra
El Kbab,Khénifra,Béni Mellal-Khénifra
Tighassaline,Khénifra,Béni Mellal-Khénifra
Aguelmous,Khénifra,Béni Mellal-Khénifra
Sidi Lamine,Khénifra,Béni Mellal-Khénifra
Moulay Bouazza,Khénifra,Béni Mellal-Khénifra
El Hammam,Khénifra,Béni Mellal-Khénifra
Ouaoumana,Khénifra,Béni Mellal-Khénifra
Sidi Yahya Ou Saad,Khénifra,Béni Mellal-Khénifra
Kerrouchen,Khénifra,Béni Mellal-Khénifra
Sidi Hcine,Khénifra,Béni Mellal-Khénifra
El Borj,Khénifra,Béni Mellal-Khénifra
Aguelmam Azegza,Khénifra,Béni Mellal-Khénifra
Lehri,Khénifra,Béni Mellal-Khénifra
Moha Ou Hammou Zayani,Khénifra,Béni Mellal-Khénifra
Had Bouhssoussen,Khénifra,Béni Mellal-Khénifra
Sebt Ait Rahou,Khénifra,Béni Mellal-Khénifra
Oum Rabia,Khénifra,Béni Mellal-Khénifra
Khouribga,Khouribga,Béni Mellal-Khénifra
Oued Zem,Khouribga,Béni Mellal-Khénifra
Bejaad,Khouribga,Béni Mellal-Khénifra
Boujniba,Khouribga,Béni Mellal-Khénifra
Hattane,Khouribga,Béni Mellal-Khénifra
Bulanouare,Khouribga,Béni Mellal-Khénifra
M'Fassis,Khouribga,Béni Mellal-Khénifra
Lagfaf,Khouribga,Béni Mellal-Khénifra
Rouached,Khouribga,Béni Mellal-Khénifra
Chougrane,Khouribga,Béni Mellal-Khénifra
Tachraft,Khouribga,Béni Mellal-Khénifra
Ain Kaicher,Khouribga,Béni Mellal-Khénifra
Bni Bataou,Khouribga,Béni Mellal-Khénifra
Boukhrisse,Khouribga,Béni Mellal-Khénifra
Bni Zrantel,Khouribga,Béni Mellal-Khénifra
Oulad Gouaouch,Khouribga,Béni Mellal-Khénifra
Bni Ykhlef,Khouribga,Béni Mellal-Khénifra
Bir Mezoui,Khouribga,Béni Mellal-Khénifra
El Foqra,Khouribga,Béni Mellal-Khénifra
Oulad Abdoune,Khouribga,Béni Mellal-Khénifra
Oulad Azzouz,Khouribga,Béni Mellal-Khénifra
Ait Ammar,Khouribga,Béni Mellal-Khénifra
Oulad Ftata,Khouribga,Béni Mellal-Khénifra
Lagnadiz,Khouribga,Béni Mellal-Khénifra
Oulad Boughadi,Khouribga,Béni Mellal-Khénifra
Bni Smir,Khouribga,Béni Mellal-Khénifra
Kasbat Troch,Khouribga,Béni Mellal-Khénifra
Maadna,Khouribga,Béni Mellal-Khénifra
Oulad Fennane,Khouribga,Béni Mellal-Khénifra
Braksa,Khouribga,Béni Mellal-Khénifra
Oulad Aissa,Khouribga,Béni Mellal-Khénifra
Errachidia,Errachidia,Drâa-Tafilalet
Lkheng,Errachidia,Drâa-Tafilalet
Arfoud,Errachidia,Drâa-Tafilalet
Goulmima,Errachidia,Drâa-Tafilalet
Jorf,Errachidia,Drâa-Tafilalet
Moulay Ali Cherif,Errachidia,Drâa-Tafilalet
Boudnib,Errachidia,Drâa-Tafilalet
Ferkla El Oulia,Errachidia,Drâa-Tafilalet
Tinejdad,Errachidia,Drâa-Tafilalet
Amellagou,Errachidia,Drâa-Tafilalet
Es-sifa,Errachidia,Drâa-Tafilalet
Aarab Sebbah Ziz,Errachidia,Drâa-Tafilalet
Aarab Sebbah Gheris,Errachidia,Drâa-Tafilalet
Fezna,Errachidia,Drâa-Tafilalet
Bni M'Hamed-Sijelmassa,Errachidia,Drâa-Tafilalet
Er-rissani,Errachidia,Drâa-Tafilalet
Es-sfalat,Errachidia,Drâa-Tafilalet
Et-taous,Errachidia,Drâa-Tafilalet
Sidi Ali,Errachidia,Drâa-Tafilalet
Aoufous,Errachidia,Drâa-Tafilalet
Er-rteb,Errachidia,Drâa-Tafilalet
Oued Naam,Errachidia,Drâa-Tafilalet
Chorfa M'Daghra,Errachidia,Drâa-Tafilalet
Aghbalou N'Kerdous,Errachidia,Drâa-Tafilalet
Gheris Es-soufli,Errachidia,Drâa-Tafilalet
Gheris El Ouloui,Errachidia,Drâa-Tafilalet
Tadighoust,Errachidia,Drâa-Tafilalet
Melaab,Errachidia,Drâa-Tafilalet
Ferkla Es-soufla,Errachidia,Drâa-Tafilalet
Er-rich,Midelt,Drâa-Tafilalet
Gourrama,Midelt,Drâa-Tafilalet
Ait Yahya,Midelt,Drâa-Tafilalet
Amouguer,Midelt,Drâa-Tafilalet
Imilchil,Midelt,Drâa-Tafilalet
Bou Azmou,Midelt,Drâa-Tafilalet
Outerbat,Midelt,Drâa-Tafilalet
Guers Tiaallaline,Midelt,Drâa-Tafilalet
En-nzala,Midelt,Drâa-Tafilalet
M'Zizel,Midelt,Drâa-Tafilalet
Sidi Aayad,Midelt,Drâa-Tafilalet
Zaouiat Sidi Hamza,Midelt,Drâa-Tafilalet
Guir,Midelt,Drâa-Tafilalet
Midelt,Midelt,Drâa-Tafilalet
Boumia,Midelt,Drâa-Tafilalet
Zaida,Midelt,Drâa-Tafilalet
Itzer,Midelt,Drâa-Tafilalet
Tounfite,Midelt,Drâa-Tafilalet
Sidi Yahya Ou Youssef,Midelt,Drâa-Tafilalet
Ait Izdeg,Midelt,Drâa-Tafilalet
Ait Ayach,Midelt,Drâa-Tafilalet
Mibladen,Midelt,Drâa-Tafilalet
Amersid,Midelt,Drâa-Tafilalet
Tanourdi,Midelt,Drâa-Tafilalet
Tizi N'Ghachou,Midelt,Drâa-Tafilalet
Aghbalou,Midelt,Drâa-Tafilalet
Ait Ben Yacoub,Midelt,Drâa-Tafilalet
Anemzi,Midelt,Drâa-Tafilalet
Agoudim,Midelt,Drâa-Tafilalet
Ouarzazate,Ouarzazate,Drâa-Tafilalet
Taznakht,Ouarzazate,Drâa-Tafilalet
Tarmigt,Ouarzazate,Drâa-Tafilalet
Skoura Ahl El Oust,Ouarzazate,Drâa-Tafilalet
Amerzgane,Ouarzazate,Drâa-Tafilalet
Ait Zineb,Ouarzazate,Drâa-Tafilalet
Telouet,Ouarzazate,Drâa-Tafilalet
Ighrem N'Ougdal,Ouarzazate,Drâa-Tafilalet
Tidli,Ouarzazate,Drâa-Tafilalet
Siroua,Ouarzazate,Drâa-Tafilalet
Ouisselsate,Ouarzazate,Drâa-Tafilalet
Khouzama,Ouarzazate,Drâa-Tafilalet
Iznaguen,Ouarzazate,Drâa-Tafilalet
Idelsane,Ouarzazate,Drâa-Tafilalet
Toundoute,Ouarzazate,Drâa-Tafilalet
Ghassate,Ouarzazate,Drâa-Tafilalet
Imi N'Oulaoune,Ouarzazate,Drâa-Tafilalet
Ait Hani,Tinghir,Drâa-Tafilalet
Assoul,Tinghir,Drâa-Tafilalet
M'Ssici,Tinghir,Drâa-Tafilalet
H'Ssyia,Tinghir,Drâa-Tafilalet
Alnif,Tinghir,Drâa-Tafilalet
Tinghir,Tinghir,Drâa-Tafilalet
Boumalne Dades,Tinghir,Drâa-Tafilalet
Kalaat M'Gouna,Tinghir,Drâa-Tafilalet
Taghzoute N'Ait Atta,Tinghir,Drâa-Tafilalet
Ait Sedrate JbelEL Soufla,Tinghir,Drâa-Tafilalet
Ait Sedrate JbelEl Oulia,Tinghir,Drâa-Tafilalet
Ait Youl,Tinghir,Drâa-Tafilalet
Ait Sedrate Sahl Charkia,Tinghir,Drâa-Tafilalet
Ait Sedrate Sahl El Gharbia,Tinghir,Drâa-Tafilalet
Ait Ouassif,Tinghir,Drâa-Tafilalet
Ighil N'Oumgoun,Tinghir,Drâa-Tafilalet
Souk Lakhmis Dades,Tinghir,Drâa-Tafilalet
Ait El Farsi,Tinghir,Drâa-Tafilalet
Ikniouen,Tinghir,Drâa-Tafilalet
M'Semrir,Tinghir,Drâa-Tafilalet
Tilmi,Tinghir,Drâa-Tafilalet
Imider,Tinghir,Drâa-Tafilalet
Ouaklim,Tinghir,Drâa-Tafilalet
Toudgha El Oulia,Tinghir,Drâa-Tafilalet
Toudgha Essoufla,Tinghir,Drâa-Tafilalet
Zagora,Zagora,Drâa-Tafilalet
Agdz,Zagora,Drâa-Tafilalet
Afella N'Dra,Zagora,Drâa-Tafilalet
Mezguita,Zagora,Drâa-Tafilalet
Tansifte,Zagora,Drâa-Tafilalet
Tamezmoute,Zagora,Drâa-Tafilalet
Oulad Yahia Lagraire,Zagora,Drâa-Tafilalet
Afra,Zagora,Drâa-Tafilalet
M'Hamid El Ghizlane,Zagora,Drâa-Tafilalet
Tagounite,Zagora,Drâa-Tafilalet
Ktaoua,Zagora,Drâa-Tafilalet
N'Kob,Zagora,Drâa-Tafilalet
Ait Ouallal,Zagora,Drâa-Tafilalet
Taghbalte,Zagora,Drâa-Tafilalet
Ait Boudaoud,Zagora,Drâa-Tafilalet
Tazarine,Zagora,Drâa-Tafilalet
Taftechna,Zagora,Drâa-Tafilalet
Bni Zoli,Zagora,Drâa-Tafilalet
Fezouata,Zagora,Drâa-Tafilalet
Tamegroute,Zagora,Drâa-Tafilalet
Bouzeroual,Zagora,Drâa-Tafilalet
Tinzouline,Zagora,Drâa-Tafilalet
Bleida,Zagora,Drâa-Tafilalet
Errouha,Zagora,Drâa-Tafilalet
Ternata,Zagora,Drâa-Tafilalet
Aousserd,Aousserd,Eddakhla-Oued Eddahab
Bir Gandouz,Aousserd,Eddakhla-Oued Eddahab
Dakhla,Oued Ed-Dahab,Eddakhla-Oued Eddahab
El Argoub,Oued Ed-Dahab,Eddakhla-Oued Eddahab
Bir Anzarane,Oued Ed-Dahab,Eddakhla-Oued Eddahab
Boulemane,Boulemane,Fès-Meknès
Missour,Boulemane,Fès-Meknès
Outat El Haj,Boulemane,Fès-Meknès
Imouzzer Marmoucha,Boulemane,Fès-Meknès
Guigou,Boulemane,Fès-Meknès
Serghina,Boulemane,Fès-Meknès
Enjil,Boulemane,Fès-Meknès
Ait El Mane,Boulemane,Fès-Meknès
Ait Bazza,Boulemane,Fès-Meknès
Almis Marmoucha,Boulemane,Fès-Meknès
Talzemt,Boulemane,Fès-Meknès
El Mers,Boulemane,Fès-Meknès
Skoura M'Daz,Boulemane,Fès-Meknès
Ksabi Moulouya,Boulemane,Fès-Meknès
Ouizeght,Boulemane,Fès-Meknès
Sidi Boutayeb,Boulemane,Fès-Meknès
Oulad Ali Youssef,Boulemane,Fès-Meknès
El Orjane,Boulemane,Fès-Meknès
Tissaf,Boulemane,Fès-Meknès
Ermila,Boulemane,Fès-Meknès
Fritissa,Boulemane,Fès-Meknès
El Hajeb,El  Hajeb,Fès-Meknès
Sabaa Aiyoun,El  Hajeb,Fès-Meknès
Ain Taoujdate,El  Hajeb,Fès-Meknès
Agourai,El  Hajeb,Fès-Meknès
Jahjouh,El  Hajeb,Fès-Meknès
Ait Naamane,El  Hajeb,Fès-Meknès
Iqaddar,El  Hajeb,Fès-Meknès
Ait Bourzouine,El  Hajeb,Fès-Meknès
Ait Harz Allah,El  Hajeb,Fès-Meknès
Ait Boubidmane,El  Hajeb,Fès-Meknès
Bitit,El  Hajeb,Fès-Meknès
Laqsir,El  Hajeb,Fès-Meknès
Ait Yaazem,El  Hajeb,Fès-Meknès
Tamchachate,El  Hajeb,Fès-Meknès
Ait Ouikhalfen,El  Hajeb,Fès-Meknès
Ras Ijerri,El  Hajeb,Fès-Meknès
Agdal,Fès,Fès-Meknès
Méchouar Fès Jdid,Fès,Fès-Meknès
Saiss,Fès,Fès-Meknès
Oulad Tayeb,Fès,Fès-Meknès
Fès-Médina,Fès,Fès-Meknès
Jnan El Ouard,Fès,Fès-Meknès
Sidi Harazem,Fès,Fès-Meknès
Ain Bida,Fès,Fès-Meknès
El Mariniyine,Fès,Fès-Meknès
Zouagha,Fès,Fès-Meknès
Azrou,Ifrane,Fès-Meknès
Ifrane,Ifrane,Fès-Meknès
Ain Leuh,Ifrane,Fès-Meknès
Tizguite,Ifrane,Fès-Meknès
Dayat Aoua,Ifrane,Fès-Meknès
Ben Smim,Ifrane,Fès-Meknès
Tigrigra,Ifrane,Fès-Meknès
Timahdite,Ifrane,Fès-Meknès
Oued Ifrane,Ifrane,Fès-Meknès
Sidi El Makhfi,Ifrane,Fès-Meknès
Meknès,Meknès,Fès-Meknès
Moulay Driss Zerhoun,Meknès,Fès-Meknès
Ouislane,Meknès,Fès-Meknès
Boufakrane,Meknès,Fès-Meknès
Oued Jdida,Meknès,Fès-Meknès
Sidi Slimane Moul Al Kifane,Meknès,Fès-Meknès
Oualili,Meknès,Fès-Meknès
MRhassiyine,Meknès,Fès-Meknès
Sidi Abdallah Al Khayat,Meknès,Fès-Meknès
Charqaoua,Meknès,Fès-Meknès
N'zalat Bni Amar,Meknès,Fès-Meknès
Dkhissa,Meknès,Fès-Meknès
M'haya,Meknès,Fès-Meknès
Majjate,Meknès,Fès-Meknès
Al Machouar - Stinia,Meknès,Fès-Meknès
Toulal,Meknès,Fès-Meknès
Ain Orma,Meknès,Fès-Meknès
Dar Oum Soltane,Meknès,Fès-Meknès
Ait Ouallal,Meknès,Fès-Meknès
Ain Karma- Oued Rommane,Meknès,Fès-Meknès
Ain Jemaa,Meknès,Fès-Meknès
Ain Kansra,Moulay Yacoub,Fès-Meknès
Moulay Yacoub,Moulay Yacoub,Fès-Meknès
Sebaa Rouadi,Moulay Yacoub,Fès-Meknès
Mikkes,Moulay Yacoub,Fès-Meknès
Sebt Loudaya,Moulay Yacoub,Fès-Meknès
Ain Chkef,Moulay Yacoub,Fès-Meknès
Laajajra,Moulay Yacoub,Fès-Meknès
Sidi Daoud,Moulay Yacoub,Fès-Meknès
Oulad Mimoun,Moulay Yacoub,Fès-Meknès
Louadaine,Moulay Yacoub,Fès-Meknès
Ain Bou Ali,Moulay Yacoub,Fès-Meknès
Sefrou,Sefrou,Fès-Meknès
Imouzzer Kandar,Sefrou,Fès-Meknès
Bhalil,Sefrou,Fès-Meknès
El Menzel,Sefrou,Fès-Meknès
Ribate El Kheir,Sefrou,Fès-Meknès
Tafajight,Sefrou,Fès-Meknès
Kandar Sidi Khiar,Sefrou,Fès-Meknès
Laanoussar,Sefrou,Fès-Meknès
Sidi YoussefBen Ahmed,Sefrou,Fès-Meknès
Tazouta,Sefrou,Fès-Meknès
Azzaba,Sefrou,Fès-Meknès
Ahl Sidi Lahcen,Sefrou,Fès-Meknès
Aghbalou Aqorar,Sefrou,Fès-Meknès
Ain Timguenai,Sefrou,Fès-Meknès
Mtarnagha,Sefrou,Fès-Meknès
Oulad Mkoudou,Sefrou,Fès-Meknès
Adrej,Sefrou,Fès-Meknès
Dar El Hamra,Sefrou,Fès-Meknès
Ighzrane,Sefrou,Fès-Meknès
Ras Tabouda,Sefrou,Fès-Meknès
Bir Tam Tam,Sefrou,Fès-Meknès
Ain Cheggag,Sefrou,Fès-Meknès
Ait Sebaa Lajrouf,Sefrou,Fès-Meknès
Taounate,Taounate,Fès-Meknès
Karia Ba Mohamed,Taounate,Fès-Meknès
Ghafsai,Taounate,Fès-Meknès
Tissa,Taounate,Fès-Meknès
Thar Es-souk,Taounate,Fès-Meknès
Bouchabel,Taounate,Fès-Meknès
Jbabra,Taounate,Fès-Meknès
Sidi El Abed,Taounate,Fès-Meknès
Loulja,Taounate,Fès-Meknès
Moulay Abdelkrim,Taounate,Fès-Meknès
Bni Snous,Taounate,Fès-Meknès
Moulay Bouchta,Taounate,Fès-Meknès
Mkansa,Taounate,Fès-Meknès
Rhouazi,Taounate,Fès-Meknès
Galaz,Taounate,Fès-Meknès
Ouartzagh,Taounate,Fès-Meknès
Sidi Haj M'hamed,Taounate,Fès-Meknès
Ratba,Taounate,Fès-Meknès
El Bibane,Taounate,Fès-Meknès
Oudka,Taounate,Fès-Meknès
Sidi YahyaBni Zeroual,Taounate,Fès-Meknès
Sidi Mokhfi,Taounate,Fès-Meknès
Timezgana,Taounate,Fès-Meknès
Kissane,Taounate,Fès-Meknès
Tabouda,Taounate,Fès-Meknès
Tafrant,Taounate,Fès-Meknès
Ain Mediouna,Taounate,Fès-Meknès
Bni Oulid,Taounate,Fès-Meknès
Bouadel,Taounate,Fès-Meknès
Bouhouda,Taounate,Fès-Meknès
Zrizer,Taounate,Fès-Meknès
Khlalfa,Taounate,Fès-Meknès
Rghioua,Taounate,Fès-Meknès
Mezraoua,Taounate,Fès-Meknès
Tamedit,Taounate,Fès-Meknès
Bni Ounjel Tafraout,Taounate,Fès-Meknès
Fennassa Bab El Hit,Taounate,Fès-Meknès
El Bsabsa,Taounate,Fès-Meknès
Oued Jemaa,Taounate,Fès-Meknès
Ras El Oued,Taounate,Fès-Meknès
Sidi M'HamedBen Lahcen,Taounate,Fès-Meknès
Ain Maatouf,Taounate,Fès-Meknès
Ain Aicha,Taounate,Fès-Meknès
Oulad Daoud,Taounate,Fès-Meknès
Bouarouss,Taounate,Fès-Meknès
Ain Legdah,Taounate,Fès-Meknès
Oulad Ayyad,Taounate,Fès-Meknès
Messassa,Taounate,Fès-Meknès
Outabouabane,Taounate,Fès-Meknès
Tainaste,Taza,Fès-Meknès
Taza,Taza,Fès-Meknès
Tahla,Taza,Fès-Meknès
Aknoul,Taza,Fès-Meknès
Oued Amlil,Taza,Fès-Meknès
Matmata,Taza,Fès-Meknès
Zrarda,Taza,Fès-Meknès
Oulad Zbair,Taza,Fès-Meknès
Bourd,Taza,Fès-Meknès
Ajdir,Taza,Fès-Meknès
Gzenaya Al Janoubia,Taza,Fès-Meknès
Jbarna,Taza,Fès-Meknès
Sidi Ali Bourakba,Taza,Fès-Meknès
Tizi Ouasli,Taza,Fès-Meknès
Ait Saghrouchen,Taza,Fès-Meknès
Maghraoua,Taza,Fès-Meknès
Tazarine,Taza,Fès-Meknès
Bouyablane,Taza,Fès-Meknès
Smià,Taza,Fès-Meknès
Bni Ftah,Taza,Fès-Meknès
Traiba,Taza,Fès-Meknès
Taifa,Taza,Fès-Meknès
Kaf El Ghar,Taza,Fès-Meknès
Msila,Taza,Fès-Meknès
Brarha,Taza,Fès-Meknès
El Gouzate,Taza,Fès-Meknès
Bab Boudir,Taza,Fès-Meknès
Bab Marzouka,Taza,Fès-Meknès
Galdamane,Taza,Fès-Meknès
Meknassa Al Gharbia,Taza,Fès-Meknès
Meknassa Acharqia,Taza,Fès-Meknès
Bni Lent,Taza,Fès-Meknès
Oulad Chrif,Taza,Fès-Meknès
Bouhlou,Taza,Fès-Meknès
Bouchfaa,Taza,Fès-Meknès
Ghiata Al Gharbia,Taza,Fès-Meknès
Rbaa El Fouki,Taza,Fès-Meknès
Bni Frassen,Taza,Fès-Meknès
Aîn-Chock,Casablanca-Aïn Sebaâ,Grand Casablanca-Settat
Hay-Hassani,Casablanca-El Hay Hassani,Grand Casablanca-Settat
Hay Mohammadi,Casablanca-Aïn Sebaâ,Grand Casablanca-Settat
Assoukhour Assawda,Casablanca-Aïn Sebaâ,Grand Casablanca-Settat
Aîn-Sebaâ,Casablanca-Aïn Sebaâ,Grand Casablanca-Settat
Al-Fida,Casablanca-El Fida-Mers Sultan,Grand Casablanca-Settat
Mers-Sultan,Casablanca-El Fida-Mers Sultan,Grand Casablanca-Settat
Sbata,Ben M’sik,Grand Casablanca-Settat
Ben M'Sick,Ben M’sik,Grand Casablanca-Settat
Benslimane,Ben Slimane,Grand Casablanca-Settat
Bouznika,Ben Slimane,Grand Casablanca-Settat
Ziaida,Ben Slimane,Grand Casablanca-Settat
Fdalate,Ben Slimane,Grand Casablanca-Settat
Oulad Yahya Louta,Ben Slimane,Grand Casablanca-Settat
Moualine El Oued,Ben Slimane,Grand Casablanca-Settat
Ahlaf,Ben Slimane,Grand Casablanca-Settat
Mellila,Ben Slimane,Grand Casablanca-Settat
Oulad Ali Toualaa,Ben Slimane,Grand Casablanca-Settat
Rdadna Oulad Malek,Ben Slimane,Grand Casablanca-Settat
Ain Tizgha,Ben Slimane,Grand Casablanca-Settat
Charrate,Ben Slimane,Grand Casablanca-Settat
Sidi Bettache,Ben Slimane,Grand Casablanca-Settat
El Mansouria,Ben Slimane,Grand Casablanca-Settat
Bir Ennasr,Ben Slimane,Grand Casablanca-Settat
Berrechid,Berrechid,Grand Casablanca-Settat
El Gara,Berrechid,Grand Casablanca-Settat
Oulad Abbou,Berrechid,Grand Casablanca-Settat
Deroua,Berrechid,Grand Casablanca-Settat
Had Soualem,Berrechid,Grand Casablanca-Settat
Lahsasna,Berrechid,Grand Casablanca-Settat
Sidi El Mekki,Berrechid,Grand Casablanca-Settat
Ouled Cebbah,Berrechid,Grand Casablanca-Settat
Ouled Zidane,Berrechid,Grand Casablanca-Settat
Zaouiat Sidi Ben Hamdoun,Berrechid,Grand Casablanca-Settat
Laghnimyine,Berrechid,Grand Casablanca-Settat
Ben Maachou,Berrechid,Grand Casablanca-Settat
Sidi Abdelkhaleq,Berrechid,Grand Casablanca-Settat
Oulad Ziyane,Berrechid,Grand Casablanca-Settat
Kasbat Ben Mchich,Berrechid,Grand Casablanca-Settat
Jaqma,Berrechid,Grand Casablanca-Settat
Lambarkiyine,Berrechid,Grand Casablanca-Settat
Riah,Berrechid,Grand Casablanca-Settat
Foqra Oulad Aameur,Berrechid,Grand Casablanca-Settat
Sahel Oulad H'Riz,Berrechid,Grand Casablanca-Settat
Soualem Trifiya,Berrechid,Grand Casablanca-Settat
Sidi Rahal Chatai,Berrechid,Grand Casablanca-Settat
Sidi Belyout,Casablanca-Anfa,Grand Casablanca-Settat
Anfa,Casablanca-Anfa,Grand Casablanca-Settat
El Maarif,Casablanca-Anfa,Grand Casablanca-Settat
Azemmour,El Jadida,Grand Casablanca-Settat
El Jadida,El Jadida,Grand Casablanca-Settat
Lbir Jdid,El Jadida,Grand Casablanca-Settat
Haouzia,El Jadida,Grand Casablanca-Settat
My Abdellah,El Jadida,Grand Casablanca-Settat
Ouled Frej,El Jadida,Grand Casablanca-Settat
Mettouh,El Jadida,Grand Casablanca-Settat
Sidi Smail,El Jadida,Grand Casablanca-Settat
Lamharza Essahel,El Jadida,Grand Casablanca-Settat
Laghdira,El Jadida,Grand Casablanca-Settat
Sidi Ali Ben Hamdouche,El Jadida,Grand Casablanca-Settat
Chtouka,El Jadida,Grand Casablanca-Settat
Oulad Rahmoune,El Jadida,Grand Casablanca-Settat
Ouled Hcine,El Jadida,Grand Casablanca-Settat
Sidi Abed,El Jadida,Grand Casablanca-Settat
Oulad Aissa,El Jadida,Grand Casablanca-Settat
Sidi M'Hamed Akhdim,El Jadida,Grand Casablanca-Settat
Ouled Ghanem,El Jadida,Grand Casablanca-Settat
Oulad Sidi Ali Ben Youssef,El Jadida,Grand Casablanca-Settat
Si Hsaien Ben Abderrahmane,El Jadida,Grand Casablanca-Settat
Zaouiat Lakouacem,El Jadida,Grand Casablanca-Settat
Chaibate,El Jadida,Grand Casablanca-Settat
Oulad Hamdane,El Jadida,Grand Casablanca-Settat
Boulaouane,El Jadida,Grand Casablanca-Settat
Sebt Saiss,El Jadida,Grand Casablanca-Settat
Zaouiat Saiss,El Jadida,Grand Casablanca-Settat
Mogress,El Jadida,Grand Casablanca-Settat
Tit Mellil,Médiouna,Grand Casablanca-Settat
Lahraouyine,Médiouna,Grand Casablanca-Settat
Sidi Hajjaj Oued Hassar,Médiouna,Grand Casablanca-Settat
Mediouna,Médiouna,Grand Casablanca-Settat
Al Majjatia Oulad Taleb,Médiouna,Grand Casablanca-Settat
Ain Harrouda,Mohammadia,Grand Casablanca-Settat
Ech-challalate,Mohammadia,Grand Casablanca-Settat
Bni Yakhlef,Mohammadia,Grand Casablanca-Settat
Mohammadia,Mohammadia,Grand Casablanca-Settat
Sidi Moussa Ben Ali,Mohammadia,Grand Casablanca-Settat
Sidi Moussa Majdoub,Mohammadia,Grand Casablanca-Settat
Sidi Othmane,Casablanca-Moulay Rachid,Grand Casablanca-Settat
Moulay Rachid,Casablanca-Moulay Rachid,Grand Casablanca-Settat
Nouaceur,Nouaceur,Grand Casablanca-Settat
Bouskoura,Nouaceur,Grand Casablanca-Settat
Dar Bouazza,Nouaceur,Grand Casablanca-Settat
Oulad Azzouz,Nouaceur,Grand Casablanca-Settat
Oulad Salah,Nouaceur,Grand Casablanca-Settat
Settat,Settat,Grand Casablanca-Settat
Ben Ahmed,Settat,Grand Casablanca-Settat
Loulad,Settat,Grand Casablanca-Settat
Oulad M'Rah,Settat,Grand Casablanca-Settat
El Borouj,Settat,Grand Casablanca-Settat
Sidi Hajjaj,Settat,Grand Casablanca-Settat
Ras El Ain Chaouia,Settat,Grand Casablanca-Settat
Bni Khloug,Settat,Grand Casablanca-Settat
Mzamza Janoubia,Settat,Grand Casablanca-Settat
Oulad Sghir,Settat,Grand Casablanca-Settat
Khemisset Chaouia,Settat,Grand Casablanca-Settat
Oulad Said,Settat,Grand Casablanca-Settat
N'Khila,Settat,Grand Casablanca-Settat
Lakhzazra,Settat,Grand Casablanca-Settat
M'Garto,Settat,Grand Casablanca-Settat
Sidi Dahbi,Settat,Grand Casablanca-Settat
Oulad M'Hamed,Settat,Grand Casablanca-Settat
Ain Dorbane-Lahlaf,Settat,Grand Casablanca-Settat
Bouguargouh,Settat,Grand Casablanca-Settat
Sidi Abdelkrim,Settat,Grand Casablanca-Settat
Mrizigue,Settat,Grand Casablanca-Settat
Mniaa,Settat,Grand Casablanca-Settat
Sgamna,Settat,Grand Casablanca-Settat
Oulad Fares,Settat,Grand Casablanca-Settat
Oulad Chbana,Settat,Grand Casablanca-Settat
Oued Naanaa,Settat,Grand Casablanca-Settat
Oulad Fares El Halla,Settat,Grand Casablanca-Settat
Oulad Bouali Nouaja,Settat,Grand Casablanca-Settat
Meskoura,Settat,Grand Casablanca-Settat
Oulad Amer,Settat,Grand Casablanca-Settat
Laqraqra,Settat,Grand Casablanca-Settat
Sidi Boumehdi,Settat,Grand Casablanca-Settat
Sidi Ahmed El Khadir,Settat,Grand Casablanca-Settat
Dar Chaffai,Settat,Grand Casablanca-Settat
Ain Blal,Settat,Grand Casablanca-Settat
Oulad Freiha,Settat,Grand Casablanca-Settat
Sidi El Aidi,Settat,Grand Casablanca-Settat
Bni Yagrine,Settat,Grand Casablanca-Settat
Guisser,Settat,Grand Casablanca-Settat
Rima,Settat,Grand Casablanca-Settat
Machraa Ben Abbou,Settat,Grand Casablanca-Settat
Sidi Mohammed Ben Rahal,Settat,Grand Casablanca-Settat
Toualet,Settat,Grand Casablanca-Settat
Mzoura,Settat,Grand Casablanca-Settat
Gdana,Settat,Grand Casablanca-Settat
Lahouaza,Settat,Grand Casablanca-Settat
Sidi Bennour,Sidi Bennour,Grand Casablanca-Settat
Zemamra,Sidi Bennour,Grand Casablanca-Settat
Laaounate,Sidi Bennour,Grand Casablanca-Settat
Loualidia,Sidi Bennour,Grand Casablanca-Settat
Lgharbia,Sidi Bennour,Grand Casablanca-Settat
Lmechrek,Sidi Bennour,Grand Casablanca-Settat
Oulad Si Bouhya,Sidi Bennour,Grand Casablanca-Settat
Laamria,Sidi Bennour,Grand Casablanca-Settat
Bni Hilal,Sidi Bennour,Grand Casablanca-Settat
Bni Tsiriss,Sidi Bennour,Grand Casablanca-Settat
Oulad Boussaken,Sidi Bennour,Grand Casablanca-Settat
Khmis Ksiba,Sidi Bennour,Grand Casablanca-Settat
Metrane,Sidi Bennour,Grand Casablanca-Settat
Kridid,Sidi Bennour,Grand Casablanca-Settat
Laagagcha,Sidi Bennour,Grand Casablanca-Settat
Koudiat Bni Dghough,Sidi Bennour,Grand Casablanca-Settat
Tamda,Sidi Bennour,Grand Casablanca-Settat
Oulad Amrane,Sidi Bennour,Grand Casablanca-Settat
Laatatra,Sidi Bennour,Grand Casablanca-Settat
Bouhmame,Sidi Bennour,Grand Casablanca-Settat
Jabria,Sidi Bennour,Grand Casablanca-Settat
M'Tal,Sidi Bennour,Grand Casablanca-Settat
Oulad Sbaita,Sidi Bennour,Grand Casablanca-Settat
Laghnadra,Sidi Bennour,Grand Casablanca-Settat
Saniat Berguig,Sidi Bennour,Grand Casablanca-Settat
Sidi Moumen,Casablanca-Sidi Bernoussi,Grand Casablanca-Settat
Sidi Bernoussi,Casablanca-Sidi Bernoussi,Grand Casablanca-Settat
mechouar de casablanca,Casablanca-El Fida-Mers Sultan,Grand Casablanca-Settat
Assa,Assa-Zag,Guelmim-Oued Noun
Zag,Assa-Zag,Guelmim-Oued Noun
Labouirat,Assa-Zag,Guelmim-Oued Noun
Aouint Lahna,Assa-Zag,Guelmim-Oued Noun
Aouint Yghomane,Assa-Zag,Guelmim-Oued Noun
Bouizakarne,Guelmim,Guelmim-Oued Noun
Echatea El Abied,Guelmim,Guelmim-Oued Noun
Guelmim,Guelmim,Guelmim-Oued Noun
Taghjijt,Guelmim,Guelmim-Oued Noun
Tiglit,Guelmim,Guelmim-Oued Noun
Tagante,Guelmim,Guelmim-Oued Noun
Ait Boufoulen,Guelmim,Guelmim-Oued Noun
Ifrane Atlas Saghir,Guelmim,Guelmim-Oued Noun
Timoulay,Guelmim,Guelmim-Oued Noun
Amtdi,Guelmim,Guelmim-Oued Noun
Aday,Guelmim,Guelmim-Oued Noun
Aferkat,Guelmim,Guelmim-Oued Noun
Asrir,Guelmim,Guelmim-Oued Noun
Fask,Guelmim,Guelmim-Oued Noun
Rass Oumlil,Guelmim,Guelmim-Oued Noun
Labyar,Guelmim,Guelmim-Oued Noun
Targa Wassay,Guelmim,Guelmim-Oued Noun
Laqsabi Tagoust,Guelmim,Guelmim-Oued Noun
Taliouine Assaka,Guelmim,Guelmim-Oued Noun
Abaynou,Guelmim,Guelmim-Oued Noun
Sidi Ifni,Sidi Ifni,Guelmim-Oued Noun
Lakhsas,Sidi Ifni,Guelmim-Oued Noun
Mesti,Sidi Ifni,Guelmim-Oued Noun
Sbouya,Sidi Ifni,Guelmim-Oued Noun
Imi N'Fast,Sidi Ifni,Guelmim-Oued Noun
Tnine Amellou,Sidi Ifni,Guelmim-Oued Noun
Tangarfa,Sidi Ifni,Guelmim-Oued Noun
Arbaa Ait Abdellah,Sidi Ifni,Guelmim-Oued Noun
Tioughza,Sidi Ifni,Guelmim-Oued Noun
Mirleft,Sidi Ifni,Guelmim-Oued Noun
Sidi M'Bark,Sidi Ifni,Guelmim-Oued Noun
Sidi H'Saine Ou Ali,Sidi Ifni,Guelmim-Oued Noun
Ait Erkha,Sidi Ifni,Guelmim-Oued Noun
Sidi AbdallahOu Belaid,Sidi Ifni,Guelmim-Oued Noun
Boutrouch,Sidi Ifni,Guelmim-Oued Noun
Ibdar,Sidi Ifni,Guelmim-Oued Noun
Tighirt,Sidi Ifni,Guelmim-Oued Noun
Sebt Ennabour,Sidi Ifni,Guelmim-Oued Noun
Anfeg,Sidi Ifni,Guelmim-Oued Noun
Tan Tan,Tan-Tan,Guelmim-Oued Noun
El Ouatia,Tan-Tan,Guelmim-Oued Noun
Abteh,Tan-Tan,Guelmim-Oued Noun
Msied,Tan-Tan,Guelmim-Oued Noun
Boujdour,Boujdour,Laayoune-Sakia El Hamra
Es-semara,Es-Semara,Laayoune-Sakia El Hamra
Laayoune,Laâyoune,Laayoune-Sakia El Hamra
El Marsa,Laâyoune,Laayoune-Sakia El Hamra
Dcheira,Laâyoune,Laayoune-Sakia El Hamra
Foum El Oued,Laâyoune,Laayoune-Sakia El Hamra
Akhfennir,Tarfaya,Laayoune-Sakia El Hamra
Tarfaya,Tarfaya,Laayoune-Sakia El Hamra
Daoura,Tarfaya,Laayoune-Sakia El Hamra
Tah,Tarfaya,Laayoune-Sakia El Hamra
Ait Ourir,Al  Haouz,Marrakech-Safi
Amizmiz,Al  Haouz,Marrakech-Safi
Tahannaout,Al  Haouz,Marrakech-Safi
Moulay Brahim,Al  Haouz,Marrakech-Safi
Ourika,Al  Haouz,Marrakech-Safi
Ghmate,Al  Haouz,Marrakech-Safi
Ait Sidi Daoud,Al  Haouz,Marrakech-Safi
Ait Faska,Al  Haouz,Marrakech-Safi
Tighedouine,Al  Haouz,Marrakech-Safi
Tidili Mesfioua,Al  Haouz,Marrakech-Safi
Sidi Abdallah Ghiat,Al  Haouz,Marrakech-Safi
Tamazouzte,Al  Haouz,Marrakech-Safi
Iguerferouane,Al  Haouz,Marrakech-Safi
Ait Aadel,Al  Haouz,Marrakech-Safi
Ait Hkim-Ait Yzid,Al  Haouz,Marrakech-Safi
Abadou,Al  Haouz,Marrakech-Safi
Tazart,Al  Haouz,Marrakech-Safi
Tamaguert,Al  Haouz,Marrakech-Safi
Touama,Al  Haouz,Marrakech-Safi
Zerkten,Al  Haouz,Marrakech-Safi
Asni,Al  Haouz,Marrakech-Safi
Ighil,Al  Haouz,Marrakech-Safi
Aghbar,Al  Haouz,Marrakech-Safi
Talat N'Yaaqoub,Al  Haouz,Marrakech-Safi
Ijoukak,Al  Haouz,Marrakech-Safi
Imgdal,Al  Haouz,Marrakech-Safi
Ouirgane,Al  Haouz,Marrakech-Safi
Amghras,Al  Haouz,Marrakech-Safi
Anougal,Al  Haouz,Marrakech-Safi
Azgour,Al  Haouz,Marrakech-Safi
Tizguine,Al  Haouz,Marrakech-Safi
Dar Jamaa,Al  Haouz,Marrakech-Safi
Sidi Badhaj,Al  Haouz,Marrakech-Safi
Oulad Mtaa,Al  Haouz,Marrakech-Safi
Lalla Takarkoust,Al  Haouz,Marrakech-Safi
Ouazguita,Al  Haouz,Marrakech-Safi
Sti Fadma,Al  Haouz,Marrakech-Safi
Oukaimden,Al  Haouz,Marrakech-Safi
Aghouatim,Al  Haouz,Marrakech-Safi
Tameslohte,Al  Haouz,Marrakech-Safi
Chichaoua,Chichaoua,Marrakech-Safi
Lamzoudia,Chichaoua,Marrakech-Safi
Sid L'Mokhtar,Chichaoua,Marrakech-Safi
Imintanoute,Chichaoua,Marrakech-Safi
Ait Hadi,Chichaoua,Marrakech-Safi
Sidi Bouzid Arragragui,Chichaoua,Marrakech-Safi
Ahdil,Chichaoua,Marrakech-Safi
Oulad Moumna,Chichaoua,Marrakech-Safi
Sidi M'Hamed Dalil,Chichaoua,Marrakech-Safi
Saidate,Chichaoua,Marrakech-Safi
Nfifa,Chichaoua,Marrakech-Safi
Ouad L'bour,Chichaoua,Marrakech-Safi
Irohalen,Chichaoua,Marrakech-Safi
Afalla Issen,Chichaoua,Marrakech-Safi
Timezgadiouine,Chichaoua,Marrakech-Safi
Sidi Ghanem,Chichaoua,Marrakech-Safi
Ait Haddou Youssef,Chichaoua,Marrakech-Safi
Lalla Aaziza,Chichaoua,Marrakech-Safi
Bouabout Amdlane,Chichaoua,Marrakech-Safi
Rahhala,Chichaoua,Marrakech-Safi
Bouabout,Chichaoua,Marrakech-Safi
Timlilt,Chichaoua,Marrakech-Safi
Kouzemt,Chichaoua,Marrakech-Safi
Ichamraren,Chichaoua,Marrakech-Safi
Sidi Abdelmoumen,Chichaoua,Marrakech-Safi
Taouloukoult,Chichaoua,Marrakech-Safi
Gmassa,Chichaoua,Marrakech-Safi
Majjat,Chichaoua,Marrakech-Safi
Douirane,Chichaoua,Marrakech-Safi
Zaouia Annahlia,Chichaoua,Marrakech-Safi
M'Zouda,Chichaoua,Marrakech-Safi
Assif El Mal,Chichaoua,Marrakech-Safi
Adassil,Chichaoua,Marrakech-Safi
Imindounit,Chichaoua,Marrakech-Safi
Ain Tazitounte,Chichaoua,Marrakech-Safi
El Kelaâ des Sraghna,Kalaâ des Sraghna,Marrakech-Safi
Laattaouia,Kalaâ des Sraghna,Marrakech-Safi
Sidi Rahhal,Kalaâ des Sraghna,Marrakech-Safi
Tamallalt,Kalaâ des Sraghna,Marrakech-Safi
El Marbouh,Kalaâ des Sraghna,Marrakech-Safi
Oulad Aarrad,Kalaâ des Sraghna,Marrakech-Safi
Laattaouia Ech-chaibia,Kalaâ des Sraghna,Marrakech-Safi
Choara,Kalaâ des Sraghna,Marrakech-Safi
Dzouz,Kalaâ des Sraghna,Marrakech-Safi
Fraita,Kalaâ des Sraghna,Marrakech-Safi
Laatamna,Kalaâ des Sraghna,Marrakech-Safi
Ouargui,Kalaâ des Sraghna,Marrakech-Safi
Bouya Omar,Kalaâ des Sraghna,Marrakech-Safi
Assahrij,Kalaâ des Sraghna,Marrakech-Safi
Sour El Aaz,Kalaâ des Sraghna,Marrakech-Safi
Oulad Khallouf,Kalaâ des Sraghna,Marrakech-Safi
Louad Lakhdar,Kalaâ des Sraghna,Marrakech-Safi
M'Zem Sanhaja,Kalaâ des Sraghna,Marrakech-Safi
Sidi Aissa Ben Slimane,Kalaâ des Sraghna,Marrakech-Safi
Zemrane,Kalaâ des Sraghna,Marrakech-Safi
Zemrane Charqia,Kalaâ des Sraghna,Marrakech-Safi
Jouala,Kalaâ des Sraghna,Marrakech-Safi
Jbiel,Kalaâ des Sraghna,Marrakech-Safi
Oulad Sbih,Kalaâ des Sraghna,Marrakech-Safi
Hiadna,Kalaâ des Sraghna,Marrakech-Safi
Oulad Zarrad,Kalaâ des Sraghna,Marrakech-Safi
Oulad Cherki,Kalaâ des Sraghna,Marrakech-Safi
Mayate,Kalaâ des Sraghna,Marrakech-Safi
Errafiaya,Kalaâ des Sraghna,Marrakech-Safi
Oulad Aamer,Kalaâ des Sraghna,Marrakech-Safi
Taouzint,Kalaâ des Sraghna,Marrakech-Safi
Oulad Bouali Loued,Kalaâ des Sraghna,Marrakech-Safi
El Aamria,Kalaâ des Sraghna,Marrakech-Safi
Oulad Msabbel,Kalaâ des Sraghna,Marrakech-Safi
Oulad Massaoud,Kalaâ des Sraghna,Marrakech-Safi
Eddachra,Kalaâ des Sraghna,Marrakech-Safi
Sidi Moussa,Kalaâ des Sraghna,Marrakech-Safi
Sidi El Hattab,Kalaâ des Sraghna,Marrakech-Safi
Chtaiba,Kalaâ des Sraghna,Marrakech-Safi
Znada,Kalaâ des Sraghna,Marrakech-Safi
Oulad Yaacoub,Kalaâ des Sraghna,Marrakech-Safi
Oulad El Garne,Kalaâ des Sraghna,Marrakech-Safi
Lounasda,Kalaâ des Sraghna,Marrakech-Safi
Essaouira,Essaouira,Marrakech-Safi
El Hanchane,Essaouira,Marrakech-Safi
Talmest,Essaouira,Marrakech-Safi
Ait Daoud,Essaouira,Marrakech-Safi
Tamanar,Essaouira,Marrakech-Safi
Tafetachte,Essaouira,Marrakech-Safi
Smimou,Essaouira,Marrakech-Safi
Mzilate,Essaouira,Marrakech-Safi
Sidi M'Hamed Ou Marzouq,Essaouira,Marrakech-Safi
M'Ramer,Essaouira,Marrakech-Safi
Sidi Boulaalam,Essaouira,Marrakech-Safi
Sidi Aissa Regragui,Essaouira,Marrakech-Safi
Takate,Essaouira,Marrakech-Safi
Oulad M'Rabet,Essaouira,Marrakech-Safi
Mejji,Essaouira,Marrakech-Safi
Kechoula,Essaouira,Marrakech-Safi
Moulay Bouzarqtoune,Essaouira,Marrakech-Safi
Ounagha,Essaouira,Marrakech-Safi
Had Dra,Essaouira,Marrakech-Safi
Meskala,Essaouira,Marrakech-Safi
Mouarid,Essaouira,Marrakech-Safi
Korimate,Essaouira,Marrakech-Safi
Lahsinate,Essaouira,Marrakech-Safi
Ait Said,Essaouira,Marrakech-Safi
Lagdadra,Essaouira,Marrakech-Safi
Sidi Ishaq,Essaouira,Marrakech-Safi
Sidi Ali El Korati,Essaouira,Marrakech-Safi
Aquermoud,Essaouira,Marrakech-Safi
Zaouiat Ben Hmida,Essaouira,Marrakech-Safi
M'Khalif,Essaouira,Marrakech-Safi
Sidi Abdeljalil,Essaouira,Marrakech-Safi
Sidi Laaroussi,Essaouira,Marrakech-Safi
Adaghas,Essaouira,Marrakech-Safi
Assais,Essaouira,Marrakech-Safi
Bouzemmour,Essaouira,Marrakech-Safi
Aglif,Essaouira,Marrakech-Safi
Takoucht,Essaouira,Marrakech-Safi
Sidi Ghaneme,Essaouira,Marrakech-Safi
Ezzaouite,Essaouira,Marrakech-Safi
Tahelouante,Essaouira,Marrakech-Safi
Bizdad,Essaouira,Marrakech-Safi
Sidi Kaouki,Essaouira,Marrakech-Safi
Aguerd,Essaouira,Marrakech-Safi
Sidi Hmad Ou Hamed,Essaouira,Marrakech-Safi
Tidzi,Essaouira,Marrakech-Safi
Sidi El Jazouli,Essaouira,Marrakech-Safi
Imi N'Tlit,Essaouira,Marrakech-Safi
Tafedna,Essaouira,Marrakech-Safi
Sidi Ahmed Essayeh,Essaouira,Marrakech-Safi
Ida Ou Aazza,Essaouira,Marrakech-Safi
Timizguida-Ouftas,Essaouira,Marrakech-Safi
Ait Aissi Ihahane,Essaouira,Marrakech-Safi
Ida Ou Kazzou,Essaouira,Marrakech-Safi
Ida Ou Guelloul,Essaouira,Marrakech-Safi
Sidi H'Mad Ou M'Barek,Essaouira,Marrakech-Safi
Imgrade,Essaouira,Marrakech-Safi
Targante,Essaouira,Marrakech-Safi
Méchouar-Kasba,Marrakech,Marrakech-Safi
Marrakech-Médina,Marrakech,Marrakech-Safi
Gueliz,Marrakech,Marrakech-Safi
Ménara,Marrakech,Marrakech-Safi
Sid Zouine,Marrakech,Marrakech-Safi
Saada,Marrakech,Marrakech-Safi
Souihla,Marrakech,Marrakech-Safi
Loudaya,Marrakech,Marrakech-Safi
Tassoultante,Marrakech,Marrakech-Safi
Agafay,Marrakech,Marrakech-Safi
Ait Imour,Marrakech,Marrakech-Safi
Sidi Youssef Ben Ali,Marrakech,Marrakech-Safi
Annakhil,Marrakech,Marrakech-Safi
M'Nabha,Marrakech,Marrakech-Safi
Harbil,Marrakech,Marrakech-Safi
Ouahat Sidi Brahim,Marrakech,Marrakech-Safi
Ouled Dlim,Marrakech,Marrakech-Safi
Alouidane,Marrakech,Marrakech-Safi
Oulad Hassoune,Marrakech,Marrakech-Safi
Ben Guerir,Rehamna,Marrakech-Safi
Sidi Bou Othmane,Rehamna,Marrakech-Safi
Nzalat Laadam,Rehamna,Marrakech-Safi
Skhour Rehamna,Rehamna,Marrakech-Safi
Bourrous,Rehamna,Marrakech-Safi
Sidi Boubker,Rehamna,Marrakech-Safi
Jbilate,Rehamna,Marrakech-Safi
Lamharra,Rehamna,Marrakech-Safi
Oulad Imloul,Rehamna,Marrakech-Safi
Akarma,Rehamna,Marrakech-Safi
Tlauh,Rehamna,Marrakech-Safi
Jaidate,Rehamna,Marrakech-Safi
Ras Ain Rhamna,Rehamna,Marrakech-Safi
Jaafra,Rehamna,Marrakech-Safi
Sidi Abdallah,Rehamna,Marrakech-Safi
Skoura Lhadra,Rehamna,Marrakech-Safi
Sidi Ghanem,Rehamna,Marrakech-Safi
Sidi Mansour,Rehamna,Marrakech-Safi
Sidi Ali Labrahla,Rehamna,Marrakech-Safi
Oulad Hassoune Hamri,Rehamna,Marrakech-Safi
Labrikiyne,Rehamna,Marrakech-Safi
Oulad Aamer Tizmarine,Rehamna,Marrakech-Safi
Ait Hammou,Rehamna,Marrakech-Safi
Bouchane,Rehamna,Marrakech-Safi
Ait Taleb,Rehamna,Marrakech-Safi
Safi,Safi,Marrakech-Safi
Jamaat Shaim,Safi,Marrakech-Safi
Sebt Gzoula,Safi,Marrakech-Safi
Bouguedra,Safi,Marrakech-Safi
Chahda,Safi,Marrakech-Safi
Lamrasla,Safi,Marrakech-Safi
Sidi Ettiji,Safi,Marrakech-Safi
Lahdar,Safi,Marrakech-Safi
Labkhati,Safi,Marrakech-Safi
Lamsabih,Safi,Marrakech-Safi
El Gouraani,Safi,Marrakech-Safi
Sidi Aissa,Safi,Marrakech-Safi
Moul El Bergui,Safi,Marrakech-Safi
Dar Si Aissa,Safi,Marrakech-Safi
El Beddouza,Safi,Marrakech-Safi
Ayir,Safi,Marrakech-Safi
Hrara,Safi,Marrakech-Safi
Khatazakane,Safi,Marrakech-Safi
Ouled Salmane,Safi,Marrakech-Safi
Saadla,Safi,Marrakech-Safi
Laamamra,Safi,Marrakech-Safi
Nagga,Safi,Marrakech-Safi
Lamaachate,Safi,Marrakech-Safi
Atouabet,Safi,Marrakech-Safi
El Ghiate,Safi,Marrakech-Safi
Youssoufia,El Youssoufia,Marrakech-Safi
Echemmaia,El Youssoufia,Marrakech-Safi
El Gantour,El Youssoufia,Marrakech-Safi
Atiamim,El Youssoufia,Marrakech-Safi
Jdour,El Youssoufia,Marrakech-Safi
Jnane Bouih,El Youssoufia,Marrakech-Safi
Lakhoualqa,El Youssoufia,Marrakech-Safi
Ras El Ain,El Youssoufia,Marrakech-Safi
Sidi Chiker,El Youssoufia,Marrakech-Safi
Ighoud,El Youssoufia,Marrakech-Safi
Esbiaat,El Youssoufia,Marrakech-Safi
Berkane,Berkane,Oriental
Ahfir,Berkane,Oriental
Saidia,Berkane,Oriental
Aklim,Berkane,Oriental
Sidi Slimane Echcharraa,Berkane,Oriental
Laatamna,Berkane,Oriental
Madagh,Berkane,Oriental
Boughriba,Berkane,Oriental
Aghbal,Berkane,Oriental
Chouihia,Berkane,Oriental
Fezouane,Berkane,Oriental
Zegzel,Berkane,Oriental
Rislane,Berkane,Oriental
Sidi Bouhria,Berkane,Oriental
Tafoughalt,Berkane,Oriental
Ain Erreggada,Berkane,Oriental
Ben Taieb,Driouch,Oriental
Midar,Driouch,Oriental
Driouch,Driouch,Oriental
Dar El Kebdani,Driouch,Oriental
Talilit,Driouch,Oriental
M'Hajer,Driouch,Oriental
Ouardana,Driouch,Oriental
Iferni,Driouch,Oriental
Tafersit,Driouch,Oriental
Azlaf,Driouch,Oriental
Tsaft,Driouch,Oriental
Ijermaouas,Driouch,Oriental
Oulad Amghar,Driouch,Oriental
Boudinar,Driouch,Oriental
Bni Marghnine,Driouch,Oriental
Temsamane,Driouch,Oriental
Trougout,Driouch,Oriental
Mtalssa,Driouch,Oriental
Ain Zohra,Driouch,Oriental
Oulad Boubker,Driouch,Oriental
Tazaghine,Driouch,Oriental
Amejjaou,Driouch,Oriental
Ait Mait,Driouch,Oriental
Figuig,Figuig,Oriental
Bouarfa,Figuig,Oriental
Bni Tadjite,Figuig,Oriental
Tendrara,Figuig,Oriental
Bni Guil,Figuig,Oriental
Bouanane,Figuig,Oriental
Ain Chair,Figuig,Oriental
Ain Chouater,Figuig,Oriental
Boumerieme,Figuig,Oriental
Talsint,Figuig,Oriental
Bouchaouene,Figuig,Oriental
Maatarka,Figuig,Oriental
Guercif,Guercif,Oriental
Oulad Bourima,Guercif,Oriental
Mazguitam,Guercif,Oriental
Ras Laksar,Guercif,Oriental
Assebbab,Guercif,Oriental
Barkine,Guercif,Oriental
Houara Oulad Raho,Guercif,Oriental
Taddart,Guercif,Oriental
Lamrija,Guercif,Oriental
Saka,Guercif,Oriental
Jerada,Jerada,Oriental
Ain Bni Mathar,Jerada,Oriental
Touissit,Jerada,Oriental
Bni Mathar,Jerada,Oriental
Oulad Ghziyel,Jerada,Oriental
Laaouinate,Jerada,Oriental
Guenfouda,Jerada,Oriental
Lebkhata,Jerada,Oriental
Tiouli,Jerada,Oriental
Sidi Boubker,Jerada,Oriental
Nador,Nador,Oriental
Zeghanghane,Nador,Oriental
Bni Ansar,Nador,Oriental
Al Aaroui,Nador,Oriental
Zaio,Nador,Oriental
Ihaddadene,Nador,Oriental
Selouane,Nador,Oriental
Arekmane,Nador,Oriental
Bni Bouifrour,Nador,Oriental
Iksane,Nador,Oriental
Bouarg,Nador,Oriental
Iaazzanene,Nador,Oriental
Bni Chiker,Nador,Oriental
Bni Sidel Jbel,Nador,Oriental
Bni Sidel Louta,Nador,Oriental
Hassi Berkane,Nador,Oriental
Tiztoutine,Nador,Oriental
Bni Oukil Oulad M'Hand,Nador,Oriental
Al Barkanyene,Nador,Oriental
Oulad Settout,Nador,Oriental
Oulad Daoud Zkhanine,Nador,Oriental
Ras El Ma,Nador,Oriental
Oujda,Oujda,Oriental
Bni Drar,Oujda,Oriental
Naima,Oujda,Oriental
Ain Sfa,Oujda,Oriental
Bni Khaled,Oujda,Oriental
Bsara,Oujda,Oriental
Mestferki,Oujda,Oriental
Sidi Boulenouar,Oujda,Oriental
Sidi Moussa Lemhaya,Oujda,Oriental
Ahl Angad,Oujda,Oriental
Isly,Oujda,Oriental
Taourirt,Taourirt,Oriental
El Aioun Sidi Mellouk,Taourirt,Oriental
Ain Lehjer,Taourirt,Oriental
Mestegmer,Taourirt,Oriental
Mechraa Hammadi,Taourirt,Oriental
Tancherfi,Taourirt,Oriental
Ahl Oued Za,Taourirt,Oriental
Gteter,Taourirt,Oriental
Melg El Ouidane,Taourirt,Oriental
Debdou,Taourirt,Oriental
Sidi Ali Bel Quassem,Taourirt,Oriental
Oulad M'hammed,Taourirt,Oriental
Sidi Lahsen,Taourirt,Oriental
El Atef,Taourirt,Oriental
gafait,Jerada,Oriental
mrija,Jerada,Oriental
Kénitra,Kénitra,Rabat-Salé-Kénitra
Souk El Arbaa,Kénitra,Rabat-Salé-Kénitra
Haddada,Kénitra,Rabat-Salé-Kénitra
Sidi Allal Tazi,Kénitra,Rabat-Salé-Kénitra
Mehdya,Kénitra,Rabat-Salé-Kénitra
Mnasra,Kénitra,Rabat-Salé-Kénitra
Ben Mansour,Kénitra,Rabat-Salé-Kénitra
Sidi Mohamed Ben Mansour,Kénitra,Rabat-Salé-Kénitra
Sidi Taibi,Kénitra,Rabat-Salé-Kénitra
Ameur Seflia,Kénitra,Rabat-Salé-Kénitra
Ouled Slama,Kénitra,Rabat-Salé-Kénitra
Mograne,Kénitra,Rabat-Salé-Kénitra
Arbaoua,Kénitra,Rabat-Salé-Kénitra
Oued El Makhazine,Kénitra,Rabat-Salé-Kénitra
Kariat Ben Aouda,Kénitra,Rabat-Salé-Kénitra
Beni Malek,Kénitra,Rabat-Salé-Kénitra
Souk Tlet El Gharb,Kénitra,Rabat-Salé-Kénitra
Bahhara Ouled Ayad,Kénitra,Rabat-Salé-Kénitra
Sidi Mohamed Lahmar,Kénitra,Rabat-Salé-Kénitra
Moulay Bousselham,Kénitra,Rabat-Salé-Kénitra
Lalla Mimouna,Kénitra,Rabat-Salé-Kénitra
Chouafaa,Kénitra,Rabat-Salé-Kénitra
Sidi Boubker El Haj,Kénitra,Rabat-Salé-Kénitra
Khémisset,Khémisset,Rabat-Salé-Kénitra
Rommani,Khémisset,Rabat-Salé-Kénitra
Tiflet,Khémisset,Rabat-Salé-Kénitra
Sidi Allal El Bahraoui,Khémisset,Rabat-Salé-Kénitra
Maaziz,Khémisset,Rabat-Salé-Kénitra
Oulmes,Khémisset,Rabat-Salé-Kénitra
Tiddas,Khémisset,Rabat-Salé-Kénitra
Ait Siberne,Khémisset,Rabat-Salé-Kénitra
Ait Mimoune,Khémisset,Rabat-Salé-Kénitra
Ait Ouribel,Khémisset,Rabat-Salé-Kénitra
Majmaa Tolba,Khémisset,Rabat-Salé-Kénitra
El Ganzra,Khémisset,Rabat-Salé-Kénitra
Ait Yadine,Khémisset,Rabat-Salé-Kénitra
Sfassif,Khémisset,Rabat-Salé-Kénitra
Sidi Allal Lamsadder,Khémisset,Rabat-Salé-Kénitra
Sidi El Ghandour,Khémisset,Rabat-Salé-Kénitra
Houderrane,Khémisset,Rabat-Salé-Kénitra
Ait Ikkou,Khémisset,Rabat-Salé-Kénitra
Bouqachmir,Khémisset,Rabat-Salé-Kénitra
Ait Ichou,Khémisset,Rabat-Salé-Kénitra
Brachoua,Khémisset,Rabat-Salé-Kénitra
Moulay Driss Aghbal,Khémisset,Rabat-Salé-Kénitra
Jemaat Moul Blad,Khémisset,Rabat-Salé-Kénitra
Laghoualem,Khémisset,Rabat-Salé-Kénitra
Marchouch,Khémisset,Rabat-Salé-Kénitra
Ain Sbit,Khémisset,Rabat-Salé-Kénitra
Ezzhiliga,Khémisset,Rabat-Salé-Kénitra
M'qam Tolba,Khémisset,Rabat-Salé-Kénitra
Sidi Abderrazak,Khémisset,Rabat-Salé-Kénitra
Ait Malek,Khémisset,Rabat-Salé-Kénitra
Ait Ali ou Lahcen,Khémisset,Rabat-Salé-Kénitra
Ain Johra -Sidi Boukhalkhal,Khémisset,Rabat-Salé-Kénitra
Ait Belkacem,Khémisset,Rabat-Salé-Kénitra
Khemis Sidi Yahya,Khémisset,Rabat-Salé-Kénitra
Ait Buyahya El Hajjama,Khémisset,Rabat-Salé-Kénitra
Agdal Riyad,Rabat,Rabat-Salé-Kénitra
Hassan,Rabat,Rabat-Salé-Kénitra
Souissi,Rabat,Rabat-Salé-Kénitra
El Youssoufia,Rabat,Rabat-Salé-Kénitra
Yacoub El Mansour,Rabat,Rabat-Salé-Kénitra
Touarga,Rabat,Rabat-Salé-Kénitra
Bettana,Salé,Rabat-Salé-Kénitra
Bab Lamrissa,Salé,Rabat-Salé-Kénitra
Tabriquet,Salé,Rabat-Salé-Kénitra
Layayda,Salé,Rabat-Salé-Kénitra
Hssaine,Salé,Rabat-Salé-Kénitra
Shoul,Salé,Rabat-Salé-Kénitra
Ameur,Salé,Rabat-Salé-Kénitra
Sidi Bouknadel,Salé,Rabat-Salé-Kénitra
Sidi Kacem,Sidi Kacem,Rabat-Salé-Kénitra
Mechraa Bel Ksiri,Sidi Kacem,Rabat-Salé-Kénitra
Had Kourt,Sidi Kacem,Rabat-Salé-Kénitra
Jorf El Melha,Sidi Kacem,Rabat-Salé-Kénitra
Dar Gueddari,Sidi Kacem,Rabat-Salé-Kénitra
Bni Oual,Sidi Kacem,Rabat-Salé-Kénitra
Ain Dfali,Sidi Kacem,Rabat-Salé-Kénitra
Moulay Abdelkader,Sidi Kacem,Rabat-Salé-Kénitra
Sidi Azzouz,Sidi Kacem,Rabat-Salé-Kénitra
Sidi Ahmed Benaissa,Sidi Kacem,Rabat-Salé-Kénitra
Sidi Ameur Al Hadi,Sidi Kacem,Rabat-Salé-Kénitra
Lamrabih,Sidi Kacem,Rabat-Salé-Kénitra
Sidi M'Hamed Chelh,Sidi Kacem,Rabat-Salé-Kénitra
Oulad Nouel,Sidi Kacem,Rabat-Salé-Kénitra
Taoughilt,Sidi Kacem,Rabat-Salé-Kénitra
Khnichet,Sidi Kacem,Rabat-Salé-Kénitra
Nouirate,Sidi Kacem,Rabat-Salé-Kénitra
Sidi Al Kamel,Sidi Kacem,Rabat-Salé-Kénitra
Rmilat,Sidi Kacem,Rabat-Salé-Kénitra
Al Haouafate,Sidi Kacem,Rabat-Salé-Kénitra
Sefsaf,Sidi Kacem,Rabat-Salé-Kénitra
Dar Laaslouji,Sidi Kacem,Rabat-Salé-Kénitra
Bab Tiouka,Sidi Kacem,Rabat-Salé-Kénitra
Zirara,Sidi Kacem,Rabat-Salé-Kénitra
Zaggota,Sidi Kacem,Rabat-Salé-Kénitra
Selfat,Sidi Kacem,Rabat-Salé-Kénitra
Tekna,Sidi Kacem,Rabat-Salé-Kénitra
Bir Taleb,Sidi Kacem,Rabat-Salé-Kénitra
Chbanate,Sidi Kacem,Rabat-Salé-Kénitra
Sidi Slimane,Sidi Slimane,Rabat-Salé-Kénitra
Sidi Yahya El Gharb,Sidi Slimane,Rabat-Salé-Kénitra
Dar Bel Amri,Sidi Slimane,Rabat-Salé-Kénitra
Ameur Chamalia,Sidi Slimane,Rabat-Salé-Kénitra
Ouled Ben Hammadi,Sidi Slimane,Rabat-Salé-Kénitra
Boumaiz,Sidi Slimane,Rabat-Salé-Kénitra
Sfafaa,Sidi Slimane,Rabat-Salé-Kénitra
Kceibya,Sidi Slimane,Rabat-Salé-Kénitra
Azghar,Sidi Slimane,Rabat-Salé-Kénitra
M'saada,Sidi Slimane,Rabat-Salé-Kénitra
Ouled H'Cine,Sidi Slimane,Rabat-Salé-Kénitra
Témara,Skhirat-Témara,Rabat-Salé-Kénitra
Harhoura,Skhirat-Témara,Rabat-Salé-Kénitra
Skhirate,Skhirat-Témara,Rabat-Salé-Kénitra
Ain El Aouda,Skhirat-Témara,Rabat-Salé-Kénitra
Mers El Kheir,Skhirat-Témara,Rabat-Salé-Kénitra
Ain Attig,Skhirat-Témara,Rabat-Salé-Kénitra
El Menzeh,Skhirat-Témara,Rabat-Salé-Kénitra
Sidi Yahya Zaer,Skhirat-Témara,Rabat-Salé-Kénitra
Sabbah,Skhirat-Témara,Rabat-Salé-Kénitra
Oumazza,Skhirat-Témara,Rabat-Salé-Kénitra
Agadir,Agadir-Ida Ou Tanane,Souss-Massa
Aourir,Agadir-Ida Ou Tanane,Souss-Massa
Amskroud,Agadir-Ida Ou Tanane,Souss-Massa
Drargua,Agadir-Ida Ou Tanane,Souss-Massa
Aqesri,Agadir-Ida Ou Tanane,Souss-Massa
Aziar,Agadir-Ida Ou Tanane,Souss-Massa
Imouzzer,Agadir-Ida Ou Tanane,Souss-Massa
Idmine,Agadir-Ida Ou Tanane,Souss-Massa
Tadrart,Agadir-Ida Ou Tanane,Souss-Massa
Tiqqi,Agadir-Ida Ou Tanane,Souss-Massa
Taghazout,Agadir-Ida Ou Tanane,Souss-Massa
Imsouane,Agadir-Ida Ou Tanane,Souss-Massa
Tamri,Agadir-Ida Ou Tanane,Souss-Massa
Biougra,Chtouka Aït Baha,Souss-Massa
Ouad Essafa,Chtouka Aït Baha,Souss-Massa
Massa,Chtouka Aït Baha,Souss-Massa
Belfaa,Chtouka Aït Baha,Souss-Massa
Inchaden,Chtouka Aït Baha,Souss-Massa
Sidi Ouassay,Chtouka Aït Baha,Souss-Massa
Ait Baha,Chtouka Aït Baha,Souss-Massa
Sidi Bibi,Chtouka Aït Baha,Souss-Massa
Ait Amira,Chtouka Aït Baha,Souss-Massa
Sidi Boushab,Chtouka Aït Baha,Souss-Massa
Imi Mqourn,Chtouka Aït Baha,Souss-Massa
Ait Milk,Chtouka Aït Baha,Souss-Massa
Ait Mzal,Chtouka Aït Baha,Souss-Massa
Hilala,Chtouka Aït Baha,Souss-Massa
Ait Ouadrim,Chtouka Aït Baha,Souss-Massa
Tassegdelt,Chtouka Aït Baha,Souss-Massa
Sidi AbdallahEl Bouchouari,Chtouka Aït Baha,Souss-Massa
Tizi Ntakoucht,Chtouka Aït Baha,Souss-Massa
Targua Ntouchka,Chtouka Aït Baha,Souss-Massa
Aouguenz,Chtouka Aït Baha,Souss-Massa
Tanalt,Chtouka Aït Baha,Souss-Massa
Inezgane,Inezgane-Aït Melloul,Souss-Massa
Dcheira El Jihadia,Inezgane-Aït Melloul,Souss-Massa
Ait Melloul,Inezgane-Aït Melloul,Souss-Massa
Lqliaa,Inezgane-Aït Melloul,Souss-Massa
Temsia,Inezgane-Aït Melloul,Souss-Massa
Oulad Dahou,Inezgane-Aït Melloul,Souss-Massa
Taroudannt,Taroudannt,Souss-Massa
Oulad Teima,Taroudannt,Souss-Massa
El Guerdane,Taroudannt,Souss-Massa
Ait Iaaza,Taroudannt,Souss-Massa
Taliouine,Taroudannt,Souss-Massa
Tafingoult,Taroudannt,Souss-Massa
Aoulouz,Taroudannt,Souss-Massa
Irherm,Taroudannt,Souss-Massa
Oulad Berhil,Taroudannt,Souss-Massa
Sidi Mzal,Taroudannt,Souss-Massa
Ait Abdallah,Taroudannt,Souss-Massa
Toufelaazt,Taroudannt,Souss-Massa
Tabia,Taroudannt,Souss-Massa
Toumliline,Taroudannt,Souss-Massa
Tindine,Taroudannt,Souss-Massa
Sidi Boaal,Taroudannt,Souss-Massa
Amalou,Taroudannt,Souss-Massa
Tataoute,Taroudannt,Souss-Massa
Azaghar N'Irs,Taroudannt,Souss-Massa
Tisfane,Taroudannt,Souss-Massa
Nihit,Taroudannt,Souss-Massa
Oualqadi,Taroudannt,Souss-Massa
Imi N'Tayart,Taroudannt,Souss-Massa
Adar,Taroudannt,Souss-Massa
Argana,Taroudannt,Souss-Massa
Bigoudine,Taroudannt,Souss-Massa
Talmakante,Taroudannt,Souss-Massa
Imilmaiss,Taroudannt,Souss-Massa
Sidi Boumoussa,Taroudannt,Souss-Massa
Issen,Taroudannt,Souss-Massa
Sidi Ahmed Ou Amar,Taroudannt,Souss-Massa
Lagfifat,Taroudannt,Souss-Massa
Sidi Moussa Lhamri,Taroudannt,Souss-Massa
Eddir,Taroudannt,Souss-Massa
Ahl Ramel,Taroudannt,Souss-Massa
Assads,Taroudannt,Souss-Massa
Tidsi Nissendalene,Taroudannt,Souss-Massa
El Koudia El Beida,Taroudannt,Souss-Massa
Lakhnafif,Taroudannt,Souss-Massa
Machraa El Ain,Taroudannt,Souss-Massa
Lamhadi,Taroudannt,Souss-Massa
Ida Ou Moumen,Taroudannt,Souss-Massa
Ahmar Laglalcha,Taroudannt,Souss-Massa
Tamaloukte,Taroudannt,Souss-Massa
Imoulass,Taroudannt,Souss-Massa
Ait Makhlouf,Taroudannt,Souss-Massa
Tafraouten,Taroudannt,Souss-Massa
Zaouia Sidi Tahar,Taroudannt,Souss-Massa
Lamnizla,Taroudannt,Souss-Massa
Sidi Dahmane,Taroudannt,Souss-Massa
Sidi Borja,Taroudannt,Souss-Massa
Freija,Taroudannt,Souss-Massa
Tazemmourt,Taroudannt,Souss-Massa
Bounrar,Taroudannt,Souss-Massa
Sidi Ahmed Ou Abdallah,Taroudannt,Souss-Massa
Ait Igas,Taroudannt,Souss-Massa
Oulad Aissa,Taroudannt,Souss-Massa
Igli,Taroudannt,Souss-Massa
Arazane,Taroudannt,Souss-Massa
Toughmart,Taroudannt,Souss-Massa
Igoudar Mnabha,Taroudannt,Souss-Massa
Ida Ou Gailal,Taroudannt,Souss-Massa
Tinzart,Taroudannt,Souss-Massa
Lamhara,Taroudannt,Souss-Massa
Sidi Abdellah Ou Said,Taroudannt,Souss-Massa
Talgjount,Taroudannt,Souss-Massa
Tizi N'Test,Taroudannt,Souss-Massa
Ouneine,Taroudannt,Souss-Massa
Sidi Ouaaziz,Taroudannt,Souss-Massa
Tigouga,Taroudannt,Souss-Massa
Ida Ougoummad,Taroudannt,Souss-Massa
El Faid,Taroudannt,Souss-Massa
Tisrasse,Taroudannt,Souss-Massa
Ouzioua,Taroudannt,Souss-Massa
Toubkal,Taroudannt,Souss-Massa
Ahl Tifnoute,Taroudannt,Souss-Massa
Iguidi,Taroudannt,Souss-Massa
Taouyalte,Taroudannt,Souss-Massa
Askaouen,Taroudannt,Souss-Massa
Azrar,Taroudannt,Souss-Massa
Agadir Melloul,Taroudannt,Souss-Massa
Tizgzaouine,Taroudannt,Souss-Massa
Sidi Hsaine,Taroudannt,Souss-Massa
Tassousfi,Taroudannt,Souss-Massa
Assaisse,Taroudannt,Souss-Massa
Zagmouzen,Taroudannt,Souss-Massa
Assaki,Taroudannt,Souss-Massa
Tata,Tata,Souss-Massa
Akka,Tata,Souss-Massa
Foum Zguid,Tata,Souss-Massa
Adis,Tata,Souss-Massa
Fam El Hisn,Tata,Souss-Massa
Ait Ouabelli,Tata,Souss-Massa
Kasbat Sidi Abdellah Ben M'Bar,Tata,Souss-Massa
Tizounine,Tata,Souss-Massa
Tamanarte,Tata,Souss-Massa
Tigzmerte,Tata,Souss-Massa
Tagmout,Tata,Souss-Massa
Tizaghte,Tata,Souss-Massa
Issafen,Tata,Souss-Massa
Aguinane,Tata,Souss-Massa
Ibn Yacoub,Tata,Souss-Massa
Akka Ighane,Tata,Souss-Massa
Tlite,Tata,Souss-Massa
Allougoum,Tata,Souss-Massa
Tissint,Tata,Souss-Massa
Tiznit,Tiznit,Souss-Massa
Tafraout,Tiznit,Souss-Massa
Reggada,Tiznit,Souss-Massa
Ammelne,Tiznit,Souss-Massa
Tassrirt,Tiznit,Souss-Massa
Afella Ighir,Tiznit,Souss-Massa
Ait Ouafqa,Tiznit,Souss-Massa
Anzi,Tiznit,Souss-Massa
Tighmi,Tiznit,Souss-Massa
Arbaa Ait Ahmed,Tiznit,Souss-Massa
Tizoughrane,Tiznit,Souss-Massa
Ait Issafen,Tiznit,Souss-Massa
Ida Ou Gougmar,Tiznit,Souss-Massa
Sidi Ahmed Ou Moussa,Tiznit,Souss-Massa
Arbaa Rasmouka,Tiznit,Souss-Massa
El Maader El Kabir,Tiznit,Souss-Massa
Sidi Bouabdelli,Tiznit,Souss-Massa
Bounaamane,Tiznit,Souss-Massa
Ouijjane,Tiznit,Souss-Massa
Tnine Aglou,Tiznit,Souss-Massa
Arbaa Sahel,Tiznit,Souss-Massa
ida ougnidif,Chtouka Aït Baha,Souss-Massa
oum el guerdane,Tata,Souss-Massa
tiout,Taroudannt,Souss-Massa
Al Hoceima,Al Hoceima,Tanger-Tetouan-Al Hoceima
Bni Bouayach,Al Hoceima,Tanger-Tetouan-Al Hoceima
Imzouren,Al Hoceima,Tanger-Tetouan-Al Hoceima
Targuist,Al Hoceima,Tanger-Tetouan-Al Hoceima
Ajdir,Al Hoceima,Tanger-Tetouan-Al Hoceima
Bni Boufrah,Al Hoceima,Tanger-Tetouan-Al Hoceima
Senada,Al Hoceima,Tanger-Tetouan-Al Hoceima
Bni Gmil Maksouline,Al Hoceima,Tanger-Tetouan-Al Hoceima
Bni Gmil,Al Hoceima,Tanger-Tetouan-Al Hoceima
Chakrane,Al Hoceima,Tanger-Tetouan-Al Hoceima
Arbaa Taourirt,Al Hoceima,Tanger-Tetouan-Al Hoceima
Tifarouine,Al Hoceima,Tanger-Tetouan-Al Hoceima
Nekkour,Al Hoceima,Tanger-Tetouan-Al Hoceima
Bni Abdallah,Al Hoceima,Tanger-Tetouan-Al Hoceima
Zaouiat Sidi Abdelkader,Al Hoceima,Tanger-Tetouan-Al Hoceima
Bni Hadifa,Al Hoceima,Tanger-Tetouan-Al Hoceima
Ait Youssef Ou Ali,Al Hoceima,Tanger-Tetouan-Al Hoceima
Imrabten,Al Hoceima,Tanger-Tetouan-Al Hoceima
Louta,Al Hoceima,Tanger-Tetouan-Al Hoceima
Izemmouren,Al Hoceima,Tanger-Tetouan-Al Hoceima
Rouadi,Al Hoceima,Tanger-Tetouan-Al Hoceima
Ait Kamra,Al Hoceima,Tanger-Tetouan-Al Hoceima
Sidi Bouzineb,Al Hoceima,Tanger-Tetouan-Al Hoceima
Bni Ammart,Al Hoceima,Tanger-Tetouan-Al Hoceima
Abdelghaya Souahel,Al Hoceima,Tanger-Tetouan-Al Hoceima
Moulay Ahmed Cherif,Al Hoceima,Tanger-Tetouan-Al Hoceima
Issaguen,Al Hoceima,Tanger-Tetouan-Al Hoceima
Tamsaout,Al Hoceima,Tanger-Tetouan-Al Hoceima
Ketama,Al Hoceima,Tanger-Tetouan-Al Hoceima
Bni Bouchibet,Al Hoceima,Tanger-Tetouan-Al Hoceima
Bni Ahmed Imoukzan,Al Hoceima,Tanger-Tetouan-Al Hoceima
Taghzout,Al Hoceima,Tanger-Tetouan-Al Hoceima
Sidi Boutmim,Al Hoceima,Tanger-Tetouan-Al Hoceima
Zarkt,Al Hoceima,Tanger-Tetouan-Al Hoceima
Bni Bounsar,Al Hoceima,Tanger-Tetouan-Al Hoceima
Bni Bchir,Al Hoceima,Tanger-Tetouan-Al Hoceima
Chefchaouen,Chefchaouen,Tanger-Tetouan-Al Hoceima
Bab Berred,Chefchaouen,Tanger-Tetouan-Al Hoceima
Iounane,Chefchaouen,Tanger-Tetouan-Al Hoceima
Tamorot,Chefchaouen,Tanger-Tetouan-Al Hoceima
Bni Ahmed Cherqia,Chefchaouen,Tanger-Tetouan-Al Hoceima
Mansoura,Chefchaouen,Tanger-Tetouan-Al Hoceima
Bni Ahmed Gharbia,Chefchaouen,Tanger-Tetouan-Al Hoceima
Oued Malha,Chefchaouen,Tanger-Tetouan-Al Hoceima
Amtar,Chefchaouen,Tanger-Tetouan-Al Hoceima
Bni Rzine,Chefchaouen,Tanger-Tetouan-Al Hoceima
Bni Smih,Chefchaouen,Tanger-Tetouan-Al Hoceima
M'tioua,Chefchaouen,Tanger-Tetouan-Al Hoceima
Ouaouzgane,Chefchaouen,Tanger-Tetouan-Al Hoceima
Bab Taza,Chefchaouen,Tanger-Tetouan-Al Hoceima
Derdara,Chefchaouen,Tanger-Tetouan-Al Hoceima
Bni Salah,Chefchaouen,Tanger-Tetouan-Al Hoceima
Bni Darkoul,Chefchaouen,Tanger-Tetouan-Al Hoceima
Bni Faghloum,Chefchaouen,Tanger-Tetouan-Al Hoceima
Fifi,Chefchaouen,Tanger-Tetouan-Al Hoceima
Tanaqoub,Chefchaouen,Tanger-Tetouan-Al Hoceima
Laghdir,Chefchaouen,Tanger-Tetouan-Al Hoceima
Bni Selmane,Chefchaouen,Tanger-Tetouan-Al Hoceima
Bni Mansour,Chefchaouen,Tanger-Tetouan-Al Hoceima
Bni Bouzra,Chefchaouen,Tanger-Tetouan-Al Hoceima
Steha,Chefchaouen,Tanger-Tetouan-Al Hoceima
Tizgane,Chefchaouen,Tanger-Tetouan-Al Hoceima
Tassift,Chefchaouen,Tanger-Tetouan-Al Hoceima
Talambote,Chefchaouen,Tanger-Tetouan-Al Hoceima
Jouamaa,Fahs-Anjra     ,Tanger-Tetouan-Al Hoceima
Anjra,Fahs-Anjra     ,Tanger-Tetouan-Al Hoceima
Ksar El Majaz,Fahs-Anjra     ,Tanger-Tetouan-Al Hoceima
Taghramt,Fahs-Anjra     ,Tanger-Tetouan-Al Hoceima
Al Bahraoyine,Fahs-Anjra     ,Tanger-Tetouan-Al Hoceima
Ksar Sghir,Fahs-Anjra     ,Tanger-Tetouan-Al Hoceima
Malloussa,Fahs-Anjra     ,Tanger-Tetouan-Al Hoceima
Ksar El Kebir,Larache,Tanger-Tetouan-Al Hoceima
Larache,Larache,Tanger-Tetouan-Al Hoceima
Laouamra,Larache,Tanger-Tetouan-Al Hoceima
Sahel,Larache,Tanger-Tetouan-Al Hoceima
Zouada,Larache,Tanger-Tetouan-Al Hoceima
Bou Jedyane,Larache,Tanger-Tetouan-Al Hoceima
Souk L'Qolla,Larache,Tanger-Tetouan-Al Hoceima
Tatoft,Larache,Tanger-Tetouan-Al Hoceima
Oulad Ouchih,Larache,Tanger-Tetouan-Al Hoceima
Ksar Bjir,Larache,Tanger-Tetouan-Al Hoceima
Souaken,Larache,Tanger-Tetouan-Al Hoceima
Souk Tolba,Larache,Tanger-Tetouan-Al Hoceima
Ayacha,Larache,Tanger-Tetouan-Al Hoceima
Bni Arouss,Larache,Tanger-Tetouan-Al Hoceima
Tazroute,Larache,Tanger-Tetouan-Al Hoceima
Bni Garfett,Larache,Tanger-Tetouan-Al Hoceima
Zaaroura,Larache,Tanger-Tetouan-Al Hoceima
Rissana Chamalia,Larache,Tanger-Tetouan-Al Hoceima
Rissana Janoubia,Larache,Tanger-Tetouan-Al Hoceima
Martil,M'Diq-Fnideq,Tanger-Tetouan-Al Hoceima
M'Diq,M'Diq-Fnideq,Tanger-Tetouan-Al Hoceima
Fnideq,M'Diq-Fnideq,Tanger-Tetouan-Al Hoceima
Belyounech,M'Diq-Fnideq,Tanger-Tetouan-Al Hoceima
Allyene,M'Diq-Fnideq,Tanger-Tetouan-Al Hoceima
Zoumi,Ouezzane,Tanger-Tetouan-Al Hoceima
Brikcha,Ouezzane,Tanger-Tetouan-Al Hoceima
Asjen,Ouezzane,Tanger-Tetouan-Al Hoceima
Moqrisset,Ouezzane,Tanger-Tetouan-Al Hoceima
Ain Beida,Ouezzane,Tanger-Tetouan-Al Hoceima
Kalaat Bouqorra,Ouezzane,Tanger-Tetouan-Al Hoceima
Ouezzane,Ouezzane,Tanger-Tetouan-Al Hoceima
Mzefroune,Ouezzane,Tanger-Tetouan-Al Hoceima
Masmouda,Ouezzane,Tanger-Tetouan-Al Hoceima
Bni Quolla,Ouezzane,Tanger-Tetouan-Al Hoceima
Sidi Redouane,Ouezzane,Tanger-Tetouan-Al Hoceima
Ounnana,Ouezzane,Tanger-Tetouan-Al Hoceima
Lamjaara,Ouezzane,Tanger-Tetouan-Al Hoceima
Teroual,Ouezzane,Tanger-Tetouan-Al Hoceima
Zghira,Ouezzane,Tanger-Tetouan-Al Hoceima
Sidi Ahmed Cherif,Ouezzane,Tanger-Tetouan-Al Hoceima
Sidi Bousber,Ouezzane,Tanger-Tetouan-Al Hoceima
Tanger-Médina,Tanger-Assilah,Tanger-Tetouan-Al Hoceima
Charf-Mghogha,Tanger-Assilah,Tanger-Tetouan-Al Hoceima
Gueznaia,Tanger-Assilah,Tanger-Tetouan-Al Hoceima
Charf-Souani,Tanger-Assilah,Tanger-Tetouan-Al Hoceima
Bni Makada,Tanger-Assilah,Tanger-Tetouan-Al Hoceima
Assilah,Tanger-Assilah,Tanger-Tetouan-Al Hoceima
Had Al Gharbia,Tanger-Assilah,Tanger-Tetouan-Al Hoceima
Sidi Lyamani,Tanger-Assilah,Tanger-Tetouan-Al Hoceima
HJAR ENNHAL,Tanger-Assilah,Tanger-Tetouan-Al Hoceima
Dar Chaoui,Tanger-Assilah,Tanger-Tetouan-Al Hoceima
Al Manzla,Tanger-Assilah,Tanger-Tetouan-Al Hoceima
Sebt Azzinate,Tanger-Assilah,Tanger-Tetouan-Al Hoceima
Aquouass Briech,Tanger-Assilah,Tanger-Tetouan-Al Hoceima
Sahel Chamali,Tanger-Assilah,Tanger-Tetouan-Al Hoceima
Laaouama,Tanger-Assilah,Tanger-Tetouan-Al Hoceima
Tétouan,Tétouan,Tanger-Tetouan-Al Hoceima
Oued Laou,Tétouan,Tanger-Tetouan-Al Hoceima
Ain Lahsan,Tétouan,Tanger-Tetouan-Al Hoceima
Souk Kdim,Tétouan,Tanger-Tetouan-Al Hoceima
Jbel Lahbib,Tétouan,Tanger-Tetouan-Al Hoceima
Bni Harchen,Tétouan,Tanger-Tetouan-Al Hoceima
Mallalienne,Tétouan,Tanger-Tetouan-Al Hoceima
Saddina,Tétouan,Tanger-Tetouan-Al Hoceima
Bni Leit,Tétouan,Tanger-Tetouan-Al Hoceima
Al Hamra,Tétouan,Tanger-Tetouan-Al Hoceima
Al Oued,Tétouan,Tanger-Tetouan-Al Hoceima
Oulad Ali Mansour,Tétouan,Tanger-Tetouan-Al Hoceima
Sahtryine,Tétouan,Tanger-Tetouan-Al Hoceima
Bni Idder,Tétouan,Tanger-Tetouan-Al Hoceima
Bghaghza,Tétouan,Tanger-Tetouan-Al Hoceima
AL Kharroub,Tétouan,Tanger-Tetouan-Al Hoceima
Zaitoune,Tétouan,Tanger-Tetouan-Al Hoceima
Azla,Tétouan,Tanger-Tetouan-Al Hoceima
Zinat,Tétouan,Tanger-Tetouan-Al Hoceima
Dar Bni Karrich,Tétouan,Tanger-Tetouan-Al Hoceima
Bni Said,Tétouan,Tanger-Tetouan-Al Hoceima
Zaouiat Sidi Kacem,Tétouan,Tanger-Tetouan-Al Hoceima